{
  "num_samples": 1248,
  "accuracy": 0.8990384615384616,
  "avg_loss": 0.24100018101624954,
  "classification_report": {
    "alert": {
      "precision": 0.6631016042780749,
      "recall": 1.0,
      "f1-score": 0.797427652733119,
      "support": 248.0
    },
    "drowsy": {
      "precision": 1.0,
      "recall": 1.0,
      "f1-score": 1.0,
      "support": 500.0
    },
    "distracted": {
      "precision": 1.0,
      "recall": 0.748,
      "f1-score": 0.8558352402745996,
      "support": 500.0
    },
    "accuracy": 0.8990384615384616,
    "macro avg": {
      "precision": 0.8877005347593583,
      "recall": 0.916,
      "f1-score": 0.8844209643359062,
      "support": 1248.0
    },
    "weighted avg": {
      "precision": 0.9330522418757713,
      "recall": 0.8990384615384616,
      "f1-score": 0.901986921486469,
      "support": 1248.0
    }
  }
}